PRAGMA foreign_keys=OFF;
BEGIN TRANSACTION;
CREATE TABLE IF NOT EXISTS "migrations" ("id" integer primary key autoincrement not null, "migration" varchar not null, "batch" integer not null);
INSERT INTO migrations VALUES(1,'0001_01_01_000000_create_users_table',1);
INSERT INTO migrations VALUES(2,'0001_01_01_000001_create_cache_table',1);
INSERT INTO migrations VALUES(3,'0001_01_01_000002_create_jobs_table',1);
INSERT INTO migrations VALUES(4,'2026_02_07_000001_create_categories_table',1);
INSERT INTO migrations VALUES(5,'2026_02_07_000002_create_tags_table',1);
INSERT INTO migrations VALUES(6,'2026_02_07_000003_create_articles_table',1);
INSERT INTO migrations VALUES(7,'2026_02_07_000004_create_article_tag_table',1);
INSERT INTO migrations VALUES(8,'2026_02_07_163648_add_role_to_users_table',1);
CREATE TABLE IF NOT EXISTS "users" ("id" integer primary key autoincrement not null, "name" varchar not null, "email" varchar not null, "email_verified_at" datetime, "password" varchar not null, "remember_token" varchar, "created_at" datetime, "updated_at" datetime, "role" varchar not null default 'user');
INSERT INTO users VALUES(1,'Default Admin','admin@cooltech.com',NULL,'$2y$12$6BtOK63jeX7Obr39d3ALi.2udbyBi5l7nTXmSbdhJcIJmk7BYeRVu',NULL,'2026-02-07 20:41:56','2026-02-07 20:41:56','admin');
INSERT INTO users VALUES(2,'Tech Journalist','writer@cooltech.com',NULL,'$2y$12$FmqRz.aRkKdS.P95jidRUukVwF6cCWafgk4nCjX65vCYoV22yVEgi',NULL,'2026-02-07 20:41:56','2026-02-07 20:41:56','writer');
CREATE TABLE IF NOT EXISTS "password_reset_tokens" ("email" varchar not null, "token" varchar not null, "created_at" datetime, primary key ("email"));
CREATE TABLE IF NOT EXISTS "sessions" ("id" varchar not null, "user_id" integer, "ip_address" varchar, "user_agent" text, "payload" text not null, "last_activity" integer not null, primary key ("id"));
INSERT INTO sessions VALUES('nmx9hu7vKeKa47R1xrAngY1uyFVOp3HWljaRpTVT',NULL,'127.0.0.1','Mozilla/5.0 (X11; Linux x86_64) AppleWebKit/537.36 (KHTML, like Gecko) Chrome/143.0.0.0 Safari/537.36','YTozOntzOjY6Il90b2tlbiI7czo0MDoidFhjY05TQ0d0Qnd2SG1sTTNDdmxZcndyTTRhdUNYalNtOEhxNWlkTCI7czo5OiJfcHJldmlvdXMiO2E6Mjp7czozOiJ1cmwiO3M6MjE6Imh0dHA6Ly8xMjcuMC4wLjE6ODAwMCI7czo1OiJyb3V0ZSI7Tjt9czo2OiJfZmxhc2giO2E6Mjp7czozOiJvbGQiO2E6MDp7fXM6MzoibmV3IjthOjA6e319fQ==',1770496957);
CREATE TABLE IF NOT EXISTS "cache" ("key" varchar not null, "value" text not null, "expiration" integer not null, primary key ("key"));
CREATE TABLE IF NOT EXISTS "cache_locks" ("key" varchar not null, "owner" varchar not null, "expiration" integer not null, primary key ("key"));
CREATE TABLE IF NOT EXISTS "jobs" ("id" integer primary key autoincrement not null, "queue" varchar not null, "payload" text not null, "attempts" integer not null, "reserved_at" integer, "available_at" integer not null, "created_at" integer not null);
CREATE TABLE IF NOT EXISTS "job_batches" ("id" varchar not null, "name" varchar not null, "total_jobs" integer not null, "pending_jobs" integer not null, "failed_jobs" integer not null, "failed_job_ids" text not null, "options" text, "cancelled_at" integer, "created_at" integer not null, "finished_at" integer, primary key ("id"));
CREATE TABLE IF NOT EXISTS "failed_jobs" ("id" integer primary key autoincrement not null, "uuid" varchar not null, "connection" text not null, "queue" text not null, "payload" text not null, "exception" text not null, "failed_at" datetime not null default CURRENT_TIMESTAMP);
CREATE TABLE IF NOT EXISTS "categories" ("id" integer primary key autoincrement not null, "name" varchar not null, "slug" varchar not null, "created_at" datetime, "updated_at" datetime);
INSERT INTO categories VALUES(1,'Tech news','tech-news','2026-02-07 20:41:56','2026-02-07 20:41:56');
INSERT INTO categories VALUES(2,'Software reviews','software-reviews','2026-02-07 20:41:56','2026-02-07 20:41:56');
INSERT INTO categories VALUES(3,'Hardware reviews','hardware-reviews','2026-02-07 20:41:56','2026-02-07 20:41:56');
INSERT INTO categories VALUES(4,'Opinion pieces','opinion-pieces','2026-02-07 20:41:56','2026-02-07 20:41:56');
CREATE TABLE IF NOT EXISTS "tags" ("id" integer primary key autoincrement not null, "name" varchar not null, "slug" varchar not null, "created_at" datetime, "updated_at" datetime);
INSERT INTO tags VALUES(1,'AI','ai','2026-02-07 20:41:56','2026-02-07 20:41:56');
INSERT INTO tags VALUES(2,'Google','google','2026-02-07 20:41:56','2026-02-07 20:41:56');
INSERT INTO tags VALUES(3,'High-Performance Computing','high-performance-computing','2026-02-07 20:41:56','2026-02-07 20:41:56');
INSERT INTO tags VALUES(4,'Singularity','singularity','2026-02-07 20:41:56','2026-02-07 20:41:56');
INSERT INTO tags VALUES(5,'Linux','linux','2026-02-07 20:41:56','2026-02-07 20:41:56');
CREATE TABLE IF NOT EXISTS "articles" ("id" integer primary key autoincrement not null, "title" varchar not null, "content" text not null, "category_id" integer not null, "created_at" datetime, "updated_at" datetime, foreign key("category_id") references "categories"("id") on delete cascade);
INSERT INTO articles VALUES(1,'Cool Tech Article #1',replace('This is the first paragraph of article 1. It contains digestible tech info.\n\nThis is the second paragraph with more depth.','\n',char(10)),3,'2026-01-30 20:41:56','2026-02-07 20:41:56');
INSERT INTO articles VALUES(2,'Cool Tech Article #2',replace('This is the first paragraph of article 2. It contains digestible tech info.\n\nThis is the second paragraph with more depth.','\n',char(10)),2,'2026-02-04 20:41:56','2026-02-07 20:41:56');
INSERT INTO articles VALUES(3,'Cool Tech Article #3',replace('This is the first paragraph of article 3. It contains digestible tech info.\n\nThis is the second paragraph with more depth.','\n',char(10)),2,'2026-02-04 20:41:56','2026-02-07 20:41:56');
INSERT INTO articles VALUES(4,'Cool Tech Article #4',replace('This is the first paragraph of article 4. It contains digestible tech info.\n\nThis is the second paragraph with more depth.','\n',char(10)),1,'2026-02-07 20:41:56','2026-02-07 20:41:56');
INSERT INTO articles VALUES(5,'Cool Tech Article #5',replace('This is the first paragraph of article 5. It contains digestible tech info.\n\nThis is the second paragraph with more depth.','\n',char(10)),2,'2026-02-06 20:41:56','2026-02-07 20:41:56');
INSERT INTO articles VALUES(6,'Cool Tech Article #6',replace('This is the first paragraph of article 6. It contains digestible tech info.\n\nThis is the second paragraph with more depth.','\n',char(10)),4,'2026-02-02 20:41:56','2026-02-07 20:41:56');
INSERT INTO articles VALUES(7,'Cool Tech Article #7',replace('This is the first paragraph of article 7. It contains digestible tech info.\n\nThis is the second paragraph with more depth.','\n',char(10)),2,'2026-02-01 20:41:56','2026-02-07 20:41:56');
INSERT INTO articles VALUES(8,'Cool Tech Article #8',replace('This is the first paragraph of article 8. It contains digestible tech info.\n\nThis is the second paragraph with more depth.','\n',char(10)),4,'2026-02-03 20:41:56','2026-02-07 20:41:56');
INSERT INTO articles VALUES(9,'Cool Tech Article #9',replace('This is the first paragraph of article 9. It contains digestible tech info.\n\nThis is the second paragraph with more depth.','\n',char(10)),3,'2026-02-05 20:41:56','2026-02-07 20:41:56');
INSERT INTO articles VALUES(10,'Cool Tech Article #10',replace('This is the first paragraph of article 10. It contains digestible tech info.\n\nThis is the second paragraph with more depth.','\n',char(10)),3,'2026-01-29 20:41:56','2026-02-07 20:41:56');
CREATE TABLE IF NOT EXISTS "article_tag" ("id" integer primary key autoincrement not null, "article_id" integer not null, "tag_id" integer not null, "created_at" datetime, "updated_at" datetime, foreign key("article_id") references "articles"("id") on delete cascade, foreign key("tag_id") references "tags"("id") on delete cascade);
INSERT INTO article_tag VALUES(1,1,3,NULL,NULL);
INSERT INTO article_tag VALUES(2,2,1,NULL,NULL);
INSERT INTO article_tag VALUES(3,2,4,NULL,NULL);
INSERT INTO article_tag VALUES(4,2,5,NULL,NULL);
INSERT INTO article_tag VALUES(5,3,4,NULL,NULL);
INSERT INTO article_tag VALUES(6,5,2,NULL,NULL);
INSERT INTO article_tag VALUES(7,5,4,NULL,NULL);
INSERT INTO article_tag VALUES(8,5,5,NULL,NULL);
INSERT INTO article_tag VALUES(9,6,1,NULL,NULL);
INSERT INTO article_tag VALUES(10,6,3,NULL,NULL);
INSERT INTO article_tag VALUES(11,7,5,NULL,NULL);
INSERT INTO article_tag VALUES(12,8,2,NULL,NULL);
INSERT INTO article_tag VALUES(13,8,4,NULL,NULL);
INSERT INTO article_tag VALUES(14,8,5,NULL,NULL);
INSERT INTO article_tag VALUES(15,9,3,NULL,NULL);
INSERT INTO article_tag VALUES(16,9,4,NULL,NULL);
INSERT INTO article_tag VALUES(17,9,5,NULL,NULL);
INSERT INTO article_tag VALUES(18,10,3,NULL,NULL);
DELETE FROM sqlite_sequence;
INSERT INTO sqlite_sequence VALUES('migrations',8);
INSERT INTO sqlite_sequence VALUES('users',2);
INSERT INTO sqlite_sequence VALUES('categories',4);
INSERT INTO sqlite_sequence VALUES('tags',5);
INSERT INTO sqlite_sequence VALUES('articles',10);
INSERT INTO sqlite_sequence VALUES('article_tag',18);
CREATE UNIQUE INDEX "users_email_unique" on "users" ("email");
CREATE INDEX "sessions_user_id_index" on "sessions" ("user_id");
CREATE INDEX "sessions_last_activity_index" on "sessions" ("last_activity");
CREATE INDEX "cache_expiration_index" on "cache" ("expiration");
CREATE INDEX "cache_locks_expiration_index" on "cache_locks" ("expiration");
CREATE INDEX "jobs_queue_index" on "jobs" ("queue");
CREATE UNIQUE INDEX "failed_jobs_uuid_unique" on "failed_jobs" ("uuid");
CREATE UNIQUE INDEX "categories_slug_unique" on "categories" ("slug");
CREATE UNIQUE INDEX "tags_slug_unique" on "tags" ("slug");
CREATE INDEX "articles_created_at_index" on "articles" ("created_at");
COMMIT;
